baseline,n,coverage_manual,coverage_rec,mean_manual,mean_rec,p95_manual,p95_rec,sum_based_improvement_pct,mean_improvement_pct,sla_threshold,sla_violate_rate_manual,sla_violate_rate_rec
BL-1,15,1.0,1.0,3.1638526207456987,0.7482186406229933,9.132875325996418,2.3150949966162417,76.35102736085592,55.035902614765405,0.25,0.8,0.6
BL-2,15,1.0,1.0,5.018936905326942,0.7482186406229933,15.27373360553756,2.3150949966162417,85.09208912690539,59.85922091513703,0.25,0.7333333333333333,0.6
BL-3,15,1.0,1.0,2.340594992538293,0.7482186406229933,7.163816491328178,2.3150949966162417,68.03297268394238,52.5667796504127,0.25,0.7333333333333333,0.6
BL-auto,15,1.0,1.0,1.0764686052997907,0.7482186406229933,3.2592777187935966,2.3150949966162417,30.493222288204265,32.23947450194104,0.25,0.7333333333333333,0.6
