baseline,baseline_enc,baseline_comp,baseline_hash,coverage_ratio,coverage_rec_ratio,mean_improvement_pct,total_improvement_pct_sum_based,p95_manual,p95_rec,mean_manual,mean_rec,sla_threshold,sla_violate_rate_manual,sla_violate_rate_rec
BL-1,none,none,none,1.0,1.0,55.035902614765405,76.35102736085592,9.132875325996418,2.315094996616242,3.1638526207456987,0.7482186406229933,0.25,0.8,0.6
BL-2,none,none,hash,1.0,1.0,59.85922091513703,85.09208912690539,15.27373360553756,2.315094996616242,5.018936905326942,0.7482186406229933,0.25,0.7333333333333333,0.6
BL-3,none,gzip,hash,1.0,1.0,52.5667796504127,68.03297268394238,7.163816491328178,2.315094996616242,2.340594992538293,0.7482186406229933,0.25,0.7333333333333333,0.6
BL-auto,aes-gcm,bz2,hash,1.0,1.0,32.23947450194104,30.493222288204265,3.2592777187935966,2.315094996616242,1.0764686052997907,0.7482186406229933,0.25,0.7333333333333333,0.6
