baseline,baseline_enc,baseline_comp,baseline_hash,coverage_ratio,coverage_rec_ratio,mean_improvement_pct,total_improvement_pct_sum_based,p95_manual,p95_rec,mean_manual,mean_rec,sla_threshold,sla_violate_rate_manual,sla_violate_rate_rec
BL-1,none,none,none,1.0,1.0,31.707333815250585,26.219439653212678,1.6420887776301234,1.2958196149207646,0.5795146788548057,0.42756917735096067,0.25,0.6666666666666666,0.4666666666666667
BL-2,none,none,hash,1.0,1.0,29.367343111997606,32.64199312829161,1.8231380042503575,1.2958196149207646,0.6347711240407079,0.42756917735096067,0.25,0.6,0.4666666666666667
BL-3,none,gzip,hash,1.0,1.0,12.233244199369251,15.19006206403845,1.510333891271147,1.2958196149207646,0.5041498529026285,0.42756917735096067,0.25,0.4666666666666667,0.4666666666666667
BL-auto,aes-gcm,bz2,hash,1.0,1.0,22.033997243126418,18.808841121393876,1.537962722184601,1.2958196149207646,0.5266203651437535,0.42756917735096067,0.25,0.6,0.4666666666666667
