baseline,n,coverage_manual,coverage_rec,mean_manual,mean_rec,p95_manual,p95_rec,sum_based_improvement_pct,mean_improvement_pct,sla_threshold,sla_violate_rate_manual,sla_violate_rate_rec
BL-1,15,1.0,1.0,0.5795146788548057,0.42756917735096067,1.6420887776301234,1.2958196149207646,26.219439653212678,31.707333815250585,0.25,0.6666666666666666,0.4666666666666667
BL-2,15,1.0,1.0,0.6347711240407079,0.42756917735096067,1.8231380042503575,1.2958196149207646,32.64199312829161,29.367343111997606,0.25,0.6,0.4666666666666667
BL-3,15,1.0,1.0,0.5041498529026285,0.42756917735096067,1.510333891271147,1.2958196149207646,15.19006206403845,12.233244199369251,0.25,0.4666666666666667,0.4666666666666667
BL-auto,15,1.0,1.0,0.5266203651437535,0.42756917735096067,1.537962722184601,1.2958196149207646,18.808841121393876,22.033997243126418,0.25,0.6,0.4666666666666667
