baseline,baseline_enc,baseline_comp,baseline_hash,coverage_ratio,coverage_rec_ratio,mean_improvement_pct,total_improvement_pct_sum_based,p95_manual,p95_rec,mean_manual,mean_rec,sla_threshold,sla_violate_rate_manual,sla_violate_rate_rec
BL-1,none,none,none,1.0,1.0,45.8212245520286,60.491505047767106,2.959656686335802,1.2666914122877644,1.62178031502602,0.640740993898362,0.25,1.0,1.0
BL-2,none,none,hash,1.0,1.0,78.35505064417934,75.22281755046228,3.4305801159236577,1.2666914122877644,2.5860123329330236,0.640740993898362,0.25,1.0,1.0
BL-3,none,gzip,hash,1.0,1.0,45.964582375199086,53.8820078521516,2.5814497074345124,1.2666914122877644,1.3893514527784039,0.640740993898362,0.25,1.0,1.0
BL-auto,aes-gcm,bz2,hash,1.0,1.0,17.700080462930583,13.409639175212584,1.3018963410519062,1.2666914122877644,0.7399680377760282,0.640740993898362,0.25,1.0,1.0
